[
	{
		"First_name": "Nathan",
		"Last_name": "Astle",
		"Date_of_birth": "1971-05-18",
		"Height": "155"

	}
,{
		"First_name": "Nathan",
		"Last_name": "Astle",
		"Date_of_birth": "1971-05-19",
		"Height": "155"

	},
	{
		"First_name": "Arthur",
		"Last_name": "Harrison",
		"Date_of_birth": "1982-01-29",
		"Height": "168"

	},
	{
		"First_name": "Cameron",
		"Last_name": "White",
		"Date_of_birth": "1982-01-29",
		"Height": "170"

	},
	{
		"First_name": "Steve",
		"Last_name": "Finn",
		"Date_of_birth": "1971-05-18",
		"Height": "189"

	},
	{
		"First_name": "Elliot",
		"Last_name": "Luca",
		"Date_of_birth": "1971-05-18",
		"Height": "172"

	},
	{
		"First_name": "Methews",
		"Last_name": "Haiden",
		"Date_of_birth": "1971-05-18",
		"Height": "165"

	},
	{
		"First_name": "John",
		"Last_name": "Smith",
		"Date_of_birth": "1971-05-18",
		"Height": "invalid string"

	},
	{
		"First_name": "Daniel",
		"Last_name": "Clerk",
		"Date_of_birth": "1971-05-18",
		"Height": "190"

	},
	{
		"First_name": "Allan",
		"Last_name": "Hernandez",
		"Date_of_birth": "1981-01-19",
		"Height": "178"

	},
	{
		"First_name": "Harley",
		"Last_name": "Smith",
		"Date_of_birth": "1988-05-21",
		"Height": "185"

	},
	{
		"First_name": "Nathaniel",
		"Last_name": "Stewert",
		"Date_of_birth": "1980-08-10",
		"Height": "125"

	},
	{
		"First_name": "Michael",
		"Last_name": "Johnson",
		"Date_of_birth": "1990-03-26",
		"Height": "152"

	}
]
